[
  {
    "featureType": "administrative",
    "elementType": "all",
    "stylers": [
      {
        "saturation": "0"
      }
    ]
  },
  {
    "featureType": "administrative.province",
    "elementType": "all",
    "stylers": [
      {
        "visibility": "off"
      }
    ]
  },
  {
    "featureType": "landscape",
    "elementType": "all",
    "stylers": [
      {
        "saturation": -100
      },
      {
        "lightness": "-15"
      },
      {
        "visibility": "off"
      }
    ]
  },
  {
    "featureType": "landscape.man_made",
    "elementType": "all",
    "stylers": [
      {
        "saturation": "-4"
      }
    ]
  },
  {
    "featureType": "landscape.natural.landcover",
    "elementType": "all",
    "stylers": [
      {
        "saturation": "67"
      },
      {
        "lightness": "36"
      }
    ]
  },
  {
    "featureType": "landscape.natural.landcover",
    "elementType": "labels.icon",
    "stylers": [
      {
        "visibility": "off"
      }
    ]
  },
  {
    "featureType": "landscape.natural.terrain",
    "elementType": "all",
    "stylers": [
      {
        "saturation": "-11"
      },
      {
        "gamma": "1.85"
      },
      {
        "visibility": "off"
      }
    ]
  },
  {
    "featureType": "poi",
    "elementType": "all",
    "stylers": [
      {
        "saturation": "-36"
      },
      {
        "lightness": "53"
      },
      {
        "visibility": "simplified"
      },
      {
        "gamma": "0.00"
      }
    ]
  },
  {
    "featureType": "poi.attraction",
    "elementType": "all",
    "stylers": [
      {
        "saturation": "-4"
      },
      {
        "lightness": "42"
      },
      {
        "gamma": "1.94"
      }
    ]
  },
  {
    "featureType": "poi.business",
    "elementType": "all",
    "stylers": [
      {
        "saturation": "85"
      },
      {
        "visibility": "on"
      },
      {
        "lightness": "19"
      }
    ]
  },
  {
    "featureType": "poi.business",
    "elementType": "geometry.fill",
    "stylers": [
      {
        "saturation": "-100"
      }
    ]
  },
  {
    "featureType": "poi.business",
    "elementType": "labels.text",
    "stylers": [
      {
        "saturation": "100"
      },
      {
        "gamma": "0.00"
      }
    ]
  },
  {
    "featureType": "poi.business",
    "elementType": "labels.icon",
    "stylers": [
      {
        "gamma": "0.00"
      }
    ]
  },
  {
    "featureType": "poi.government",
    "elementType": "geometry",
    "stylers": [
      {
        "saturation": "0"
      },
      {
        "visibility": "on"
      },
      {
        "gamma": "1.13"
      }
    ]
  },
  {
    "featureType": "poi.park",
    "elementType": "all",
    "stylers": [
      {
        "gamma": "3.45"
      },
      {
        "lightness": "57"
      },
      {
        "saturation": "-26"
      },
      {
        "color": "#e37a18"
      }
    ]
  },
  {
    "featureType": "poi.sports_complex",
    "elementType": "geometry",
    "stylers": [
      {
        "gamma": "1.38"
      }
    ]
  },
  {
    "featureType": "road",
    "elementType": "all",
    "stylers": [
      {
        "saturation": "-100"
      }
    ]
  },
  {
    "featureType": "road.highway",
    "elementType": "all",
    "stylers": [
      {
        "visibility": "simplified"
      }
    ]
  },
  {
    "featureType": "road.arterial",
    "elementType": "all",
    "stylers": [
      {
        "lightness": "30"
      },
      {
        "saturation": "62"
      },
      {
        "visibility": "off"
      }
    ]
  },
  {
    "featureType": "road.local",
    "elementType": "all",
    "stylers": [
      {
        "lightness": "40"
      }
    ]
  },
  {
    "featureType": "transit",
    "elementType": "all",
    "stylers": [
      {
        "saturation": -100
      },
      {
        "visibility": "simplified"
      }
    ]
  },
  {
    "featureType": "water",
    "elementType": "all",
    "stylers": [
      {
        "saturation": "60"
      },
      {
        "gamma": "0.66"
      },
      {
        "lightness": "-42"
      }
    ]
  },
  {
    "featureType": "water",
    "elementType": "geometry",
    "stylers": [
      {
        "hue": "#ffff00"
      },
      {
        "lightness": -25
      },
      {
        "saturation": -97
      }
    ]
  },
  {
    "featureType": "water",
    "elementType": "geometry.fill",
    "stylers": [
      {
        "visibility": "on"
      },
      {
        "saturation": "-100"
      },
      {
        "gamma": "0.47"
      }
    ]
  },
  {
    "featureType": "water",
    "elementType": "labels",
    "stylers": [
      {
        "lightness": -25
      },
      {
        "saturation": -100
      }
    ]
  }
]