{
  "project_info": {
    "project_number": "471314498241",
    "project_id": "watchbirds-2f4b2",
    "storage_bucket": "watchbirds-2f4b2.appspot.com"
  },
  "client": [
    {
      "client_info": {
        "mobilesdk_app_id": "1:471314498241:android:1b9be7200609d5d6310a40",
        "android_client_info": {
          "package_name": "com.example.watchbirds"
        }
      },
      "oauth_client": [],
      "api_key": [
        {
          "current_key": "AIzaSyCJ9CFQmIKyjVdTBWwNFbe9qg5YFnvpQY0"
        }
      ],
      "services": {
        "appinvite_service": {
          "other_platform_oauth_client": []
        }
      }
    }
  ],
  "configuration_version": "1"
}